site_id,date,airTemperature,dewTemperature,windSpeed,seaLvlPressure,precipDepth1HR
Hog,2016-01-01,-5.583333333333333,-9.741666666666667,4.758333333333334,1019.5458333333332,-0.08333333333333333
Hog,2016-01-02,-5.4624999999999995,-9.808333333333334,4.2625,1017.7958333333332,0.0
Hog,2016-01-03,-3.2916666666666665,-7.5125,4.8,1025.9652173913043,0.0
Hog,2016-01-04,-7.783333333333334,-10.133333333333335,3.1999999999999997,1032.2749999999999,0.0
Hog,2016-01-05,-3.8208333333333333,-7.933333333333334,5.5125,1023.5304347826087,0.0
Hog,2016-01-06,-2.0500000000000003,-4.716666666666667,3.266666666666667,1018.6041666666666,0.4583333333333333
Hog,2016-01-07,0.06666666666666667,-1.5416666666666667,2.6375,1015.1750000000001,-0.16666666666666666
Hog,2016-01-08,-0.3833333333333333,-2.091666666666667,4.2250000000000005,1010.8874999999999,0.7083333333333334
Hog,2016-01-09,-14.358333333333334,-18.3125,6.970833333333334,1020.1291666666666,-0.25
Hog,2016-01-10,-20.970833333333335,-25.733333333333334,3.9416666666666664,1022.9125,0.0
Hog,2016-01-11,-18.383333333333333,-21.245833333333334,2.3833333333333333,1014.8208333333333,0.0
Hog,2016-01-12,-18.683333333333334,-22.983333333333334,4.983333333333333,1021.3125,-0.2608695652173913
Hog,2016-01-13,-12.641666666666666,-16.116666666666667,1.9124999999999999,1012.7166666666667,0.041666666666666664
Hog,2016-01-14,-5.733333333333333,-8.329166666666667,4.183333333333333,1001.3521739130434,0.0
Hog,2016-01-15,-6.6875,-10.420833333333333,6.2,1005.6916666666666,-0.20833333333333334
Hog,2016-01-16,-17.616666666666667,-23.079166666666666,6.616666666666667,1018.2333333333332,-0.125
Hog,2016-01-17,-22.570833333333336,-27.525000000000002,4.858333333333333,1026.0083333333334,0.0
Hog,2016-01-18,-20.8875,-25.145833333333332,3.3874999999999997,1030.1791666666666,0.0
Hog,2016-01-19,-17.1625,-21.254166666666666,1.8916666666666666,1031.9875,-0.125
Hog,2016-01-20,-8.979166666666666,-12.008333333333333,2.8791666666666664,1023.4875000000001,0.0
Hog,2016-01-21,-5.804166666666666,-8.604166666666666,1.925,1028.3083333333334,-0.20833333333333334
Hog,2016-01-22,-6.2749999999999995,-10.979166666666666,2.6958333333333333,1030.7250000000001,-0.2916666666666667
Hog,2016-01-23,-6.516666666666667,-10.091666666666667,5.254166666666666,1019.9041666666667,0.0
Hog,2016-01-24,-2.475,-4.029166666666667,2.4916666666666667,1012.0272727272727,0.0
Hog,2016-01-25,-2.0833333333333335,-3.7583333333333333,2.8166666666666664,1009.6600000000001,0.041666666666666664
Hog,2016-01-26,-3.908333333333333,-8.325000000000001,5.604166666666667,1018.9869565217392,-0.5
Hog,2016-01-27,-2.0625,-6.204166666666667,4.808333333333334,1012.5875,-0.08333333333333333
Hog,2016-01-28,-0.4124999999999999,-5.270833333333333,5.666666666666667,1009.1875,0.0
Hog,2016-01-29,-3.1,-6.845833333333334,4.595833333333333,1007.508695652174,0.08333333333333333
Hog,2016-01-30,2.066666666666667,-1.6041666666666667,2.1458333333333335,1000.8125,0.08333333333333333
Hog,2016-01-31,1.8083333333333333,-1.7958333333333334,2.9250000000000003,1004.9333333333334,0.0
Hog,2016-02-01,-1.8833333333333335,-3.9375,1.7666666666666666,1016.7826086956521,0.0
Hog,2016-02-02,-2.2041666666666666,-4.841666666666666,6.4375,1014.5818181818181,1.375
Hog,2016-02-03,-7.154166666666666,-11.979166666666666,6.479166666666667,1013.6217391304348,-0.041666666666666664
Hog,2016-02-04,-8.3375,-11.387500000000001,2.5458333333333334,1021.6826086956522,0.20833333333333334
Hog,2016-02-05,-7.6875,-11.104166666666666,3.0666666666666664,1026.7416666666666,-0.20833333333333334
Hog,2016-02-06,-0.6999999999999998,-4.391666666666667,4.416666666666667,1017.4916666666667,-0.125
Hog,2016-02-07,0.5166666666666666,-4.3999999999999995,7.004166666666666,1005.295652173913,-0.041666666666666664
Hog,2016-02-08,-9.908333333333333,-14.716666666666667,8.583333333333334,1014.0869565217391,-0.875
Hog,2016-02-09,-11.691666666666668,-18.175,6.929166666666667,1020.8000000000001,-0.16666666666666666
Hog,2016-02-10,-13.179166666666667,-19.958333333333332,2.9250000000000003,1023.0083333333333,0.0
Hog,2016-02-11,-11.845833333333333,-18.366666666666667,1.7583333333333335,1027.2666666666667,-0.08333333333333333
Hog,2016-02-12,-12.891666666666666,-19.695833333333333,6.354166666666667,1031.4083333333333,0.0
Hog,2016-02-13,-16.595833333333335,-23.53333333333333,2.783333333333333,1036.6458333333333,0.0
Hog,2016-02-14,-9.883333333333333,-14.470833333333333,5.2,1019.0208333333334,0.08333333333333333
Hog,2016-02-15,-3.858333333333333,-6.483333333333333,3.091666666666667,1009.15,-0.041666666666666664
Hog,2016-02-16,-1.0833333333333333,-5.066666666666666,3.2583333333333333,1013.0772727272728,-0.041666666666666664
Hog,2016-02-17,-5.083333333333333,-12.299999999999999,2.9458333333333333,1023.875,0.0
Hog,2016-02-18,0.6625,-3.654166666666667,7.183333333333334,1012.0695652173912,0.0
Hog,2016-02-19,4.370833333333334,1.1083333333333332,5.625,996.6458333333334,3.9583333333333335
Hog,2016-02-20,3.170833333333333,-1.2291666666666667,4.741666666666666,1012.9347826086956,0.0
Hog,2016-02-21,-0.5583333333333332,-4.5375000000000005,2.7624999999999997,1023.4166666666666,-0.041666666666666664
Hog,2016-02-22,-0.26666666666666666,-6.233333333333333,2.2125,1022.15,0.0
Hog,2016-02-23,1.9291666666666665,-1.0458333333333332,3.25,1017.7681818181819,-0.16666666666666666
Hog,2016-02-24,1.6083333333333334,-2.8208333333333333,4.208333333333333,1016.5826086956522,-0.08333333333333333
Hog,2016-02-25,-1.3916666666666666,-7.941666666666666,5.895833333333333,1023.0291666666667,0.0
Hog,2016-02-26,0.42083333333333334,-6.354166666666667,3.9791666666666665,1020.8208333333333,0.0
Hog,2016-02-27,7.520833333333333,-0.5208333333333334,3.783333333333333,1005.4208333333332,0.0
Hog,2016-02-28,1.7541666666666667,-1.575,4.591666666666667,1002.8739130434782,0.16666666666666666
Hog,2016-02-29,-3.358333333333333,-13.845833333333333,5.866666666666667,1014.9125,0.0
Hog,2016-03-01,-7.170833333333333,-18.933333333333334,4.495833333333334,1021.4958333333334,-0.08695652173913043
Hog,2016-03-02,-5.320833333333334,-13.458333333333334,2.8166666666666664,1019.15,0.0
Hog,2016-03-03,-1.5374999999999999,-9.5,2.095833333333333,1020.7416666666667,-0.125
Hog,2016-03-04,0.09166666666666667,-4.283333333333333,3.5083333333333333,1017.4826086956521,0.375
Hog,2016-03-05,0.9541666666666666,-3.4333333333333336,4.220833333333333,1021.2291666666666,0.0
Hog,2016-03-06,6.616666666666667,0.3000000000000001,5.758333333333333,1009.3708333333334,0.0
Hog,2016-03-07,11.833333333333334,5.875,4.670833333333333,1003.5833333333334,0.0
Hog,2016-03-08,13.641666666666666,8.120833333333334,6.883333333333333,1003.0833333333334,0.0
Hog,2016-03-09,3.4916666666666667,1.2625,3.6041666666666665,1013.4083333333333,-0.375
Hog,2016-03-10,3.5625,-1.0791666666666666,2.0416666666666665,1022.1391304347826,0.0
Hog,2016-03-11,8.645833333333334,1.2583333333333333,4.266666666666667,1022.1750000000001,0.0
Hog,2016-03-12,14.4375,3.0500000000000003,3.8833333333333333,1015.9333333333334,0.0
Hog,2016-03-13,10.691666666666668,5.670833333333333,4.029166666666667,1009.0124999999999,-0.08333333333333333
Hog,2016-03-14,11.3125,8.920833333333333,3.091666666666667,1004.1958333333333,-0.125
Hog,2016-03-15,10.795833333333333,9.091666666666667,4.608333333333333,1001.9695652173913,7.916666666666667
Hog,2016-03-16,6.425,-0.7374999999999999,8.8125,1002.1041666666666,0.625
Hog,2016-03-17,3.0541666666666667,-3.5041666666666664,5.979166666666667,1010.1541666666667,0.0
Hog,2016-03-18,0.8375,-3.1916666666666664,3.0541666666666667,1020.0791666666668,-0.4583333333333333
Hog,2016-03-19,0.6666666666666666,-3.8791666666666664,4.1,1024.9708333333333,0.4166666666666667
Hog,2016-03-20,1.8541666666666667,-5.741666666666667,3.4291666666666667,1026.05,0.0
Hog,2016-03-21,4.629166666666666,-3.8333333333333335,4.1000000000000005,1015.7375000000001,0.0
Hog,2016-03-22,6.766666666666667,-1.375,5.354166666666667,1005.5166666666668,0.0
Hog,2016-03-23,0.29130434782608694,-2.965217391304348,6.808695652173912,1015.3818181818183,0.5416666666666666
Hog,2016-03-24,2.2624999999999997,-8.870833333333334,4.7250000000000005,1013.225,0.0
Hog,2016-03-25,3.658333333333333,-4.825,3.9916666666666667,1013.6083333333332,-0.25
Hog,2016-03-26,7.033333333333334,2.9875000000000003,2.795833333333333,1016.2833333333333,1.1666666666666667
Hog,2016-03-27,3.8208333333333333,1.0166666666666666,3.733333333333333,1016.2434782608696,0.625
Hog,2016-03-28,6.825,-1.2583333333333333,2.1,1019.6166666666667,0.0
Hog,2016-03-29,11.0375,0.325,5.5375000000000005,1018.6833333333334,0.7083333333333334
Hog,2016-03-30,7.270833333333333,4.6625000000000005,4.229166666666667,1005.225,5.166666666666667
Hog,2016-03-31,6.779166666666666,2.3375,3.8375,1000.4545454545455,1.0416666666666667
Hog,2016-04-01,2.8000000000000003,-6.75,6.258333333333334,1009.7583333333333,0.20833333333333334
Hog,2016-04-02,0.2166666666666667,-11.195833333333333,8.075000000000001,1011.1041666666666,-0.16666666666666666
Hog,2016-04-03,6.154166666666666,-4.670833333333333,5.691666666666666,1006.1999999999999,0.0
Hog,2016-04-04,0.8541666666666666,-7.658333333333334,3.516666666666666,1024.6125,0.0
Hog,2016-04-05,0.9,-3.8708333333333336,5.545833333333333,1019.7041666666668,0.75
Hog,2016-04-06,3.3041666666666667,-1.375,4.808333333333334,1005.3291666666668,-0.16666666666666666
Hog,2016-04-07,2.8874999999999997,-1.0583333333333333,3.391666666666667,1011.0291666666667,0.25
Hog,2016-04-08,-0.4875,-8.816666666666666,7.795833333333333,1017.9708333333333,0.041666666666666664
Hog,2016-04-09,-0.2791666666666666,-12.145833333333334,5.354166666666667,1019.7916666666666,0.0
Hog,2016-04-10,7.491666666666667,-4.166666666666667,7.170833333333333,1005.0749999999999,0.0
Hog,2016-04-11,2.245833333333333,-9.012500000000001,6.7375,1017.8666666666667,0.0
Hog,2016-04-12,3.9375,-8.645833333333334,3.7083333333333335,1024.9125000000001,-0.041666666666666664
Hog,2016-04-13,13.204166666666666,-1.0208333333333333,4.641666666666667,1017.6833333333334,-0.041666666666666664
Hog,2016-04-14,16.895833333333332,2.2875,6.4375,1015.9666666666667,0.0
Hog,2016-04-15,17.525000000000002,2.9916666666666667,6.366666666666667,1016.6916666666666,0.0
Hog,2016-04-16,20.425,5.829166666666667,5.929166666666667,1020.6750000000001,0.0
Hog,2016-04-17,20.866666666666667,8.433333333333334,4.554166666666666,1024.3,0.0
Hog,2016-04-18,20.116666666666667,8.375,3.904166666666667,1022.8583333333332,1.5
Hog,2016-04-19,12.0375,8.233333333333333,4.804166666666666,1022.9041666666667,1.3333333333333333
Hog,2016-04-20,13.933333333333332,9.129166666666666,4.2625,1015.5416666666666,2.5833333333333335
Hog,2016-04-21,13.591666666666667,10.679166666666667,2.8791666666666664,1011.0181818181819,1.4166666666666667
Hog,2016-04-22,10.166666666666666,2.2916666666666665,4.054166666666666,1020.7416666666667,0.0
Hog,2016-04-23,14.754166666666668,5.1000000000000005,4.575,1016.1999999999999,0.0
Hog,2016-04-24,13.420833333333334,9.770833333333334,6.570833333333334,1007.2521739130434,3.9166666666666665
Hog,2016-04-25,10.970833333333333,8.979166666666666,4.795833333333333,1003.295652173913,4.791666666666667
Hog,2016-04-26,7.370833333333334,3.8249999999999997,5.066666666666666,1013.3000000000001,-0.2916666666666667
Hog,2016-04-27,7.341666666666666,-0.6291666666666667,7.741666666666667,1012.9250000000001,2.9166666666666665
Hog,2016-04-28,4.604166666666667,1.4458333333333335,5.433333333333334,1016.2521739130434,6.25
Hog,2016-04-29,8.775,1.8583333333333334,2.6083333333333334,1021.1833333333334,-0.041666666666666664
Hog,2016-04-30,10.166666666666666,0.25833333333333336,6.120833333333334,1018.8874999999999,0.0
Hog,2016-05-01,11.237499999999999,1.0041666666666667,4.3625,1020.475,0.0
Hog,2016-05-02,13.2875,0.5125000000000001,1.0708333333333333,1018.2958333333332,0.0
Hog,2016-05-03,15.929166666666667,2.0833333333333335,5.629166666666666,1010.3166666666666,0.0
Hog,2016-05-04,13.933333333333332,-1.2416666666666667,4.916666666666667,1014.1333333333333,0.0
Hog,2016-05-05,17.0,0.02083333333333341,3.0041666666666664,1015.2083333333334,-0.041666666666666664
Hog,2016-05-06,24.2375,7.6375,5.6375,1008.1291666666666,0.0
Hog,2016-05-07,16.616666666666667,-1.8499999999999999,5.333333333333333,1013.1208333333334,0.0
Hog,2016-05-08,16.695833333333333,-0.12083333333333333,2.2916666666666665,1011.9125,0.0
Hog,2016-05-09,14.450000000000001,5.541666666666667,6.083333333333333,1010.0416666666666,3.2916666666666665
Hog,2016-05-10,11.362499999999999,8.883333333333335,5.895833333333333,1013.5333333333333,6.375
Hog,2016-05-11,11.341666666666667,9.658333333333333,2.779166666666667,1016.2149999999999,1.3333333333333333
Hog,2016-05-12,11.829166666666666,6.579166666666667,5.1625000000000005,1015.6333333333333,0.0
Hog,2016-05-13,6.654166666666666,0.8041666666666667,6.066666666666666,1017.1791666666667,1.7916666666666667
Hog,2016-05-14,5.716666666666666,-5.6499999999999995,6.7,1019.5625,0.0
Hog,2016-05-15,10.908333333333333,-2.5083333333333333,3.658333333333333,1017.9833333333332,0.0
Hog,2016-05-16,14.416666666666666,2.954166666666667,3.454166666666667,1017.7958333333332,0.0
Hog,2016-05-17,13.041666666666666,-1.2041666666666668,3.6458333333333335,1025.6304347826087,0.0
Hog,2016-05-18,14.466666666666667,0.6833333333333335,0.9708333333333333,1023.8791666666666,0.0
Hog,2016-05-19,17.041666666666668,3.1916666666666664,3.608333333333333,1018.8916666666668,0.0
Hog,2016-05-20,18.325,4.645833333333333,2.9791666666666665,1019.2833333333333,0.0
Hog,2016-05-21,20.020833333333332,5.183333333333334,1.0916666666666666,1020.8333333333334,0.0
Hog,2016-05-22,22.287499999999998,4.075,3.6791666666666667,1015.3125,0.0
Hog,2016-05-23,22.3875,12.033333333333333,6.183333333333334,1008.1625,-0.16666666666666666
Hog,2016-05-24,23.791666666666668,13.458333333333334,3.1125000000000003,1010.5916666666667,-0.08333333333333333
Hog,2016-05-25,21.170833333333334,16.087500000000002,4.095833333333333,1010.5500000000001,3.2916666666666665
Hog,2016-05-26,22.195833333333336,12.362499999999999,4.116666666666666,1008.7333333333332,2.875
Hog,2016-05-27,18.825,14.733333333333334,3.1333333333333333,1008.4521739130436,2.4166666666666665
Hog,2016-05-28,17.7375,15.220833333333333,2.441666666666667,1007.8695652173913,3.125
Hog,2016-05-29,20.75,14.116666666666667,4.095833333333333,1012.7869565217391,-0.125
Hog,2016-05-30,22.770833333333332,12.066666666666668,2.7416666666666667,1014.1041666666666,-0.041666666666666664
Hog,2016-05-31,20.279166666666665,14.700000000000001,4.158333333333333,1010.6750000000001,-0.08333333333333333
Hog,2016-06-01,16.974999999999998,8.629166666666666,5.3875,1011.8708333333334,0.0
Hog,2016-06-02,18.204166666666666,8.358333333333334,3.3791666666666664,1016.4,0.0
Hog,2016-06-03,18.354166666666668,13.200000000000001,3.5875,1013.0583333333334,2.2083333333333335
Hog,2016-06-04,18.041666666666668,13.970833333333333,4.0375000000000005,1008.7833333333333,0.2916666666666667
Hog,2016-06-05,20.833333333333332,9.466666666666667,5.2749999999999995,1006.3916666666668,0.0
Hog,2016-06-06,17.991666666666667,8.920833333333333,6.291666666666667,1007.7041666666668,-0.08333333333333333
Hog,2016-06-07,16.858333333333334,5.616666666666667,4.204166666666667,1013.9833333333332,0.0
Hog,2016-06-08,19.370833333333334,8.5875,3.2999999999999994,1013.8583333333332,0.0
Hog,2016-06-09,22.96666666666667,17.0,5.616666666666667,1009.6391304347826,4.291666666666667
Hog,2016-06-10,26.15833333333333,19.220833333333335,3.9791666666666665,1007.5124999999999,-0.08333333333333333
Hog,2016-06-11,27.3125,16.2,2.6416666666666666,1013.1791666666667,0.0
Hog,2016-06-12,21.59583333333333,14.191666666666668,6.758333333333334,1017.3708333333334,9.75
Hog,2016-06-13,21.670833333333334,17.445833333333333,3.683333333333333,1013.1166666666667,4.833333333333333
Hog,2016-06-14,20.179166666666667,17.5,4.241666666666666,1008.2863636363636,3.0
Hog,2016-06-15,20.866666666666667,16.379166666666666,5.129166666666666,1006.9458333333333,0.0
Hog,2016-06-16,21.5125,15.700000000000001,3.8208333333333333,1013.7086956521739,0.0
Hog,2016-06-17,23.891666666666666,17.224999999999998,4.258333333333333,1017.3208333333333,-0.08333333333333333
Hog,2016-06-18,26.037499999999998,17.891666666666666,2.4291666666666667,1020.0583333333334,0.0
Hog,2016-06-19,28.608333333333334,17.829166666666666,5.858333333333333,1015.1041666666666,1.7916666666666667
Hog,2016-06-20,22.724999999999998,11.433333333333332,5.216666666666667,1018.1833333333334,0.3333333333333333
Hog,2016-06-21,22.754166666666666,10.229166666666666,3.391666666666666,1015.0333333333333,0.0
Hog,2016-06-22,23.495833333333334,15.920833333333334,3.6833333333333336,1008.3708333333334,4.875
Hog,2016-06-23,18.979166666666668,12.116666666666667,4.7375,1015.125,0.0
Hog,2016-06-24,22.245833333333334,15.870833333333332,3.75,1016.0,0.0
Hog,2016-06-25,28.004166666666666,20.141666666666666,6.987500000000001,1008.6541666666667,-0.08333333333333333
Hog,2016-06-26,26.016666666666666,12.275,5.6875,1013.0166666666668,0.0
Hog,2016-06-27,21.033333333333335,12.112499999999999,5.425,1019.6208333333334,0.0
Hog,2016-06-28,19.558333333333334,10.262500000000001,2.629166666666667,1022.8333333333334,0.0
Hog,2016-06-29,21.854166666666668,10.795833333333334,2.1416666666666666,1018.4250000000001,0.0
Hog,2016-06-30,21.587500000000002,13.716666666666667,4.058333333333334,1014.6391304347826,-0.08333333333333333
Hog,2016-07-01,17.808333333333334,8.495833333333334,3.045833333333333,1021.0833333333334,0.0
Hog,2016-07-02,21.245833333333334,10.541666666666666,2.558333333333333,1018.9625,0.0
Hog,2016-07-03,22.175,11.879166666666668,2.829166666666667,1016.3333333333334,0.0
Hog,2016-07-04,22.495833333333334,14.216666666666667,3.5999999999999996,1009.7541666666666,0.0
Hog,2016-07-05,24.21666666666667,18.354166666666668,5.254166666666667,1007.0863636363637,5.708333333333333
Hog,2016-07-06,24.787499999999998,15.387500000000001,2.504166666666667,1008.8958333333334,0.0
Hog,2016-07-07,23.916666666666668,17.6125,3.4499999999999997,1007.5208333333334,0.625
Hog,2016-07-08,22.266666666666666,15.391666666666666,5.754166666666666,1011.0124999999999,0.0
Hog,2016-07-09,22.8875,15.166666666666666,2.891666666666667,1017.1041666666666,0.0
Hog,2016-07-10,23.6125,17.8875,4.016666666666667,1010.525,4.166666666666667
Hog,2016-07-11,26.849999999999998,21.316666666666666,6.404166666666666,1004.4608695652173,-0.08333333333333333
Hog,2016-07-12,26.129166666666666,15.758333333333333,5.825,1005.0875,0.8333333333333334
Hog,2016-07-13,25.229166666666668,15.4625,6.533333333333334,1006.4875000000001,-0.08333333333333333
Hog,2016-07-14,19.408333333333335,14.079166666666666,5.895833333333333,1011.2391304347826,0.5416666666666666
Hog,2016-07-15,20.366666666666667,13.045833333333334,2.4666666666666663,1017.7875,0.8333333333333334
Hog,2016-07-16,22.270833333333332,13.879166666666668,3.529166666666667,1016.3416666666667,2.0833333333333335
Hog,2016-07-17,23.6375,16.787499999999998,5.820833333333333,1011.4521739130436,0.9583333333333334
Hog,2016-07-18,25.058333333333334,15.283333333333333,1.9833333333333334,1020.1782608695652,0.0
Hog,2016-07-19,25.883333333333336,18.849999999999998,3.9791666666666665,1019.9666666666667,0.0
Hog,2016-07-20,27.599999999999998,22.400000000000002,5.183333333333334,1014.8458333333333,0.4583333333333333
Hog,2016-07-21,29.045833333333334,21.849999999999998,3.3166666666666664,1012.2666666666668,1.6666666666666667
Hog,2016-07-22,29.791666666666668,16.545833333333334,2.529166666666667,1014.6416666666668,0.0
Hog,2016-07-23,24.375,20.795833333333334,3.9291666666666667,1010.991304347826,12.25
Hog,2016-07-24,25.84583333333333,18.704166666666666,4.570833333333334,1010.8791666666666,-0.041666666666666664
Hog,2016-07-25,25.72083333333333,16.2625,2.845833333333333,1016.475,0.0
Hog,2016-07-26,27.570833333333336,18.191666666666666,4.329166666666667,1015.6416666666668,0.0
Hog,2016-07-27,24.070833333333336,19.308333333333334,3.1625,1013.8826086956522,4.916666666666667
Hog,2016-07-28,20.779166666666665,15.583333333333334,4.2375,1016.1583333333333,0.0
Hog,2016-07-29,21.325,11.966666666666667,2.9416666666666664,1017.3041666666667,0.0
Hog,2016-07-30,22.858333333333334,16.479166666666668,2.7083333333333335,1015.8583333333332,-0.08333333333333333
Hog,2016-07-31,24.041666666666668,18.204166666666666,4.283333333333333,1015.0958333333333,0.0
Hog,2016-08-01,25.1125,19.491666666666667,4.458333333333333,1015.4208333333332,0.0
Hog,2016-08-02,26.9375,20.670833333333334,2.6458333333333335,1015.7833333333333,0.0
Hog,2016-08-03,28.087500000000002,21.650000000000002,3.2125,1014.6458333333334,0.0
Hog,2016-08-04,25.145833333333332,19.341666666666665,5.1000000000000005,1009.9166666666666,12.0
Hog,2016-08-05,21.77916666666667,13.658333333333333,4.729166666666667,1014.9666666666667,0.0
Hog,2016-08-06,22.383333333333336,13.729166666666666,2.441666666666667,1017.6166666666667,0.0
Hog,2016-08-07,23.083333333333332,14.708333333333334,1.425,1017.8708333333334,0.0
Hog,2016-08-08,23.520833333333332,15.979166666666666,3.8791666666666664,1015.5958333333333,0.0
Hog,2016-08-09,26.016666666666666,20.145833333333332,3.9583333333333335,1012.2333333333332,0.0
Hog,2016-08-10,26.741666666666664,21.133333333333333,4.120833333333334,1014.0260869565217,10.666666666666666
Hog,2016-08-11,24.470833333333335,19.729166666666668,2.9416666666666664,1010.4125,12.833333333333334
Hog,2016-08-12,23.195833333333336,19.2625,2.8333333333333335,1011.0208333333334,3.5
Hog,2016-08-13,22.866666666666664,16.6375,3.091666666666667,1012.4375,0.0
Hog,2016-08-14,22.941666666666666,14.508333333333333,2.4291666666666667,1016.8041666666667,0.0
Hog,2016-08-15,23.008333333333336,15.450000000000001,2.2333333333333334,1017.6,0.0
Hog,2016-08-16,23.316666666666666,17.741666666666667,2.433333333333333,1015.5739130434783,1.25
Hog,2016-08-17,24.15833333333333,18.162499999999998,1.2458333333333333,1016.5791666666668,0.0
Hog,2016-08-18,24.420833333333334,19.195833333333333,2.275,1012.85,-0.16666666666666666
Hog,2016-08-19,21.295833333333334,17.666666666666668,3.966666666666667,1010.2291666666666,4.666666666666667
Hog,2016-08-20,17.3125,14.658333333333333,3.683333333333333,1007.9958333333334,3.8333333333333335
Hog,2016-08-21,18.591666666666665,10.883333333333333,3.220833333333333,1014.025,0.0
Hog,2016-08-22,22.566666666666666,13.704166666666666,5.4750000000000005,1013.7083333333334,0.0
Hog,2016-08-23,23.6125,17.275000000000002,6.075,1012.3125,10.75
Hog,2016-08-24,22.46666666666667,16.5875,3.2875,1012.0416666666666,0.7083333333333334
Hog,2016-08-25,19.683333333333334,12.9625,4.15,1017.3249999999999,0.0
Hog,2016-08-26,18.283333333333335,12.225,1.5166666666666666,1020.7875,0.0
Hog,2016-08-27,18.470833333333335,15.304166666666667,2.533333333333333,1017.2083333333334,-0.20833333333333334
Hog,2016-08-28,22.433333333333334,17.98333333333333,3.3791666666666664,1019.4619047619047,0.0
Hog,2016-08-29,25.133333333333336,20.120833333333334,4.1375,1020.6,1.875
Hog,2016-08-30,21.983333333333334,15.304166666666667,3.2541666666666664,1021.2041666666668,12.583333333333334
Hog,2016-08-31,20.783333333333335,11.299999999999999,2.3958333333333335,1022.0583333333334,0.0
Hog,2016-09-01,19.633333333333333,11.854166666666666,2.9125,1024.5416666666667,0.0
Hog,2016-09-02,18.8,12.174999999999999,3.908333333333333,1023.625,0.0
Hog,2016-09-03,19.054166666666667,12.441666666666668,4.8,1019.0458333333332,0.0
Hog,2016-09-04,20.933333333333334,14.475,5.804166666666667,1015.0083333333333,0.25
Hog,2016-09-05,23.104166666666668,18.908333333333335,4.4375,1010.0772727272728,5.5
Hog,2016-09-06,23.708333333333332,20.537499999999998,2.4833333333333334,1012.1291666666666,9.25
Hog,2016-09-07,22.008333333333336,19.60833333333333,2.6416666666666666,1012.6333333333333,0.125
Hog,2016-09-08,21.458333333333332,14.091666666666667,3.579166666666666,1011.6260869565218,-0.08333333333333333
Hog,2016-09-09,19.650000000000002,14.683333333333332,3.3375,1011.7958333333332,2.3333333333333335
Hog,2016-09-10,18.058333333333334,10.070833333333333,4.783333333333333,1015.4958333333334,-0.08333333333333333
Hog,2016-09-11,20.224999999999998,10.670833333333334,4.7749999999999995,1014.9166666666666,0.0
Hog,2016-09-12,21.104166666666668,13.883333333333333,4.75,1011.2173913043479,0.0
Hog,2016-09-13,16.183333333333334,8.933333333333334,4.579166666666667,1020.6999999999999,-0.08333333333333333
Hog,2016-09-14,14.979166666666666,7.800000000000001,2.3333333333333335,1025.3166666666668,0.0
Hog,2016-09-15,18.1875,14.108333333333334,4.041666666666667,1018.2416666666667,8.916666666666666
Hog,2016-09-16,20.025000000000002,15.450000000000001,3.204166666666667,1010.8000000000001,0.625
Hog,2016-09-17,17.925,12.258333333333333,3.1291666666666664,1011.3791666666666,0.0
Hog,2016-09-18,21.058333333333334,12.908333333333333,3.716666666666667,1009.3249999999999,0.0
Hog,2016-09-19,21.179166666666667,12.2125,2.7916666666666665,1013.1958333333333,0.041666666666666664
Hog,2016-09-20,20.045833333333334,12.862499999999999,2.5,1018.1652173913043,-0.041666666666666664
Hog,2016-09-21,19.4375,16.608333333333334,4.879166666666666,1015.5428571428572,8.666666666666666
Hog,2016-09-22,18.933333333333334,16.095833333333335,4.6875,1016.6875,5.75
Hog,2016-09-23,17.7625,14.729166666666666,4.970833333333333,1019.3347826086957,5.458333333333333
Hog,2016-09-24,19.349999999999998,16.495833333333334,6.325,1017.4521739130436,0.0
Hog,2016-09-25,17.308333333333334,12.975,5.283333333333333,1013.1227272727273,0.625
Hog,2016-09-26,14.254166666666668,3.35,7.141666666666667,1012.9499999999999,0.0
Hog,2016-09-27,11.695833333333333,5.308333333333333,6.0625,1010.4416666666666,0.2916666666666667
Hog,2016-09-28,13.058333333333332,8.625,5.054166666666666,1021.5083333333333,0.0
Hog,2016-09-29,13.904166666666667,9.1875,2.8625000000000003,1030.295652173913,0.0
Hog,2016-09-30,15.5625,10.170833333333333,3.1875,1026.2375,0.0
Hog,2016-10-01,16.900000000000002,11.512500000000001,2.5375,1020.25,0.0
Hog,2016-10-02,17.166666666666668,10.229166666666666,1.1083333333333334,1018.9458333333333,0.0
Hog,2016-10-03,17.729166666666668,10.45,4.2,1015.5166666666668,0.0
Hog,2016-10-04,18.279166666666665,12.791666666666666,7.1000000000000005,1009.4250000000001,0.875
Hog,2016-10-05,15.708333333333334,7.954166666666667,4.166666666666667,1009.9347826086956,5.958333333333333
Hog,2016-10-06,11.9375,4.05,3.529166666666667,1016.8000000000001,8.041666666666666
Hog,2016-10-07,6.470833333333334,0.6166666666666666,5.958333333333333,1020.975,1.25
Hog,2016-10-08,6.316666666666666,-0.15,1.8708333333333333,1025.6541666666667,0.0
Hog,2016-10-09,8.883333333333333,2.8375,2.8208333333333333,1027.0260869565216,0.0
Hog,2016-10-10,16.224999999999998,7.408333333333334,5.466666666666666,1018.1416666666668,0.0
Hog,2016-10-11,16.1125,10.404166666666667,4.733333333333333,1013.2791666666667,-0.041666666666666664
Hog,2016-10-12,6.9750000000000005,1.2041666666666666,5.995833333333334,1021.0833333333334,-0.125
Hog,2016-10-13,7.358333333333333,-1.3333333333333333,3.579166666666666,1023.9041666666667,0.0
Hog,2016-10-14,12.1625,6.391666666666667,6.529166666666666,1013.6625,0.0
Hog,2016-10-15,17.829166666666666,12.858333333333334,4.55,1006.1416666666668,-0.041666666666666664
Hog,2016-10-16,14.520833333333334,7.783333333333334,3.625,1008.9652173913043,0.0
Hog,2016-10-17,17.916666666666668,15.166666666666666,3.6041666666666665,997.0809523809525,0.6666666666666666
Hog,2016-10-18,14.066666666666665,8.15,3.275,1007.5916666666667,0.25
Hog,2016-10-19,9.554166666666667,4.2375,3.7541666666666664,1020.7791666666667,0.0
Hog,2016-10-20,7.0375000000000005,-0.9958333333333335,3.6,1027.0874999999999,0.0
Hog,2016-10-21,8.120833333333334,0.24166666666666667,3.120833333333333,1022.0541666666667,0.0
Hog,2016-10-22,10.487499999999999,4.075,1.5125,1014.8208333333333,0.0
Hog,2016-10-23,9.929166666666667,4.6875,4.8,1016.2416666666667,0.0
Hog,2016-10-24,7.875,-0.7000000000000001,2.4250000000000003,1030.0916666666667,0.0
Hog,2016-10-25,7.641666666666667,1.1708333333333334,5.708333333333333,1027.0874999999999,4.541666666666667
Hog,2016-10-26,7.054166666666667,4.870833333333333,5.0375000000000005,1020.9826086956521,3.3333333333333335
Hog,2016-10-27,7.520833333333333,4.654166666666667,3.0500000000000003,1022.1750000000001,0.0
Hog,2016-10-28,14.112499999999999,9.679166666666667,4.829166666666667,1009.4333333333334,0.0
Hog,2016-10-29,11.108333333333334,8.295833333333333,3.2916666666666665,1016.1541666666667,0.5416666666666666
Hog,2016-10-30,6.8500000000000005,2.2916666666666665,3.2291666666666665,1023.8083333333334,0.0
Hog,2016-10-31,10.116666666666667,7.691666666666666,5.45,1009.5652173913044,-0.20833333333333334
Hog,2016-11-01,12.570833333333333,7.433333333333334,2.3625000000000003,1011.9125,0.0
Hog,2016-11-02,10.450000000000001,5.283333333333333,0.6666666666666666,1021.6208333333334,0.0
Hog,2016-11-03,11.754166666666668,5.241666666666666,1.5833333333333333,1024.8958333333333,0.0
Hog,2016-11-04,12.141666666666666,4.295833333333333,1.5875000000000001,1026.8333333333333,0.0
Hog,2016-11-05,13.654166666666667,5.529166666666666,1.375,1023.8208333333333,0.0
Hog,2016-11-06,13.775,5.304166666666666,3.091666666666667,1022.5291666666667,0.0
Hog,2016-11-07,12.654166666666667,5.3625,4.245833333333334,1020.8541666666666,0.0
Hog,2016-11-08,9.920833333333333,1.7874999999999999,4.3374999999999995,1028.0458333333333,0.0
Hog,2016-11-09,9.095833333333333,1.6333333333333335,3.058333333333333,1025.5249999999999,0.0
Hog,2016-11-10,12.433333333333332,2.3125,5.195833333333334,1016.6125000000001,0.0
Hog,2016-11-11,6.7625,-1.7958333333333334,3.1958333333333333,1030.3875,0.0
Hog,2016-11-12,6.554166666666667,-0.875,4.641666666666667,1024.4208333333333,0.0
Hog,2016-11-13,10.237499999999999,1.6375,4.2,1012.0208333333334,0.0
Hog,2016-11-14,7.875,4.033333333333333,2.341666666666667,1013.4291666666667,0.0
Hog,2016-11-15,7.283333333333334,3.5833333333333335,2.220833333333333,1012.2833333333333,0.0
Hog,2016-11-16,9.200000000000001,2.779166666666667,3.9333333333333336,1009.2666666666668,0.0
Hog,2016-11-17,10.691666666666668,5.2625,4.5249999999999995,1003.2624999999999,0.0
Hog,2016-11-18,4.733333333333333,2.1333333333333333,8.666666666666666,1005.0863636363637,7.041666666666667
Hog,2016-11-19,-2.1583333333333337,-7.658333333333334,7.533333333333334,1027.9375,-0.08333333333333333
Hog,2016-11-20,-3.2291666666666665,-10.083333333333334,2.6999999999999997,1029.5791666666667,0.0
Hog,2016-11-21,-1.0375,-7.504166666666666,4.445833333333334,1025.3083333333334,0.0
Hog,2016-11-22,1.0708333333333335,-4.0249999999999995,6.308333333333334,1020.8428571428572,5.875
Hog,2016-11-23,1.2041666666666666,-0.3875,3.0625,1017.7173913043479,1.1666666666666667
Hog,2016-11-24,1.5750000000000002,-0.25,1.6208333333333333,1022.4826086956521,0.041666666666666664
Hog,2016-11-25,1.3291666666666668,-0.8791666666666668,2.733333333333333,1025.8590909090908,0.041666666666666664
Hog,2016-11-26,2.45,-0.39166666666666666,2.5083333333333333,1019.7791666666667,0.0
Hog,2016-11-27,2.3375,0.9500000000000001,4.7375,1006.5782608695652,3.1666666666666665
Hog,2016-11-28,8.775,5.791666666666667,6.8,984.2913043478261,10.208333333333334
Hog,2016-11-29,2.4375,-0.9500000000000001,4.745833333333333,990.975,-0.16666666666666666
Hog,2016-11-30,2.775,0.7708333333333334,2.658333333333333,999.7791666666667,-0.16666666666666666
Hog,2016-12-01,2.1333333333333333,-1.5291666666666668,4.925,1011.2565217391304,0.041666666666666664
Hog,2016-12-02,-0.1708333333333333,-5.441666666666666,3.625,1023.8333333333334,-0.08333333333333333
Hog,2016-12-03,-0.9208333333333334,-5.954166666666667,3.125,1025.8272727272727,-0.125
Hog,2016-12-04,1.175,-1.0666666666666667,4.108333333333333,1012.7391304347826,1.1666666666666667
Hog,2016-12-05,1.4000000000000001,-1.445833333333333,5.104166666666667,1007.3583333333332,-0.08333333333333333
Hog,2016-12-06,-4.029166666666667,-9.558333333333334,7.733333333333333,1008.0166666666668,-0.5833333333333334
Hog,2016-12-07,-7.866666666666667,-12.933333333333335,7.958333333333333,1018.0333333333333,-0.9166666666666666
Hog,2016-12-08,-6.804166666666667,-11.383333333333333,6.445833333333333,1029.0208333333333,-0.7083333333333334
Hog,2016-12-09,-9.420833333333333,-13.674999999999999,3.8541666666666665,1035.3428571428572,-0.25
Hog,2016-12-10,-12.833333333333334,-16.354166666666668,2.9166666666666665,1031.4545454545455,1.25
Hog,2016-12-11,-8.113043478260868,-10.652173913043478,3.617391304347826,1015.4090909090909,2.9565217391304346
Hog,2016-12-12,-15.208333333333334,-18.212500000000002,3.7624999999999997,1018.3700000000001,-0.125
Hog,2016-12-13,-16.6875,-21.587500000000002,4.541666666666667,1022.6999999999999,0.0
Hog,2016-12-14,-15.237499999999999,-21.391666666666666,7.4125000000000005,1023.2458333333334,0.0
Hog,2016-12-15,-19.029166666666665,-23.933333333333334,2.7875,1030.4166666666667,0.125
Hog,2016-12-16,-12.700000000000001,-15.495833333333332,3.0124999999999997,1017.5956521739131,3.5
Hog,2016-12-17,-15.558333333333332,-19.770833333333332,6.029166666666666,1018.3772727272727,0.20833333333333334
Hog,2016-12-18,-24.287499999999998,-28.416666666666668,3.1791666666666667,1033.0874999999999,0.0
Hog,2016-12-19,-9.5875,-15.4625,4.879166666666666,1025.2666666666667,0.0
Hog,2016-12-20,-0.8291666666666666,-6.495833333333334,5.554166666666667,1015.5500000000001,0.0
Hog,2016-12-21,0.6083333333333333,-4.325,5.145833333333333,1013.2833333333333,0.0
Hog,2016-12-22,-1.508333333333333,-6.595833333333334,3.454166666666667,1023.0500000000001,0.0
Hog,2016-12-23,1.3291666666666666,-2.220833333333333,3.108333333333333,1015.0695652173912,0.375
Hog,2016-12-24,0.9958333333333332,-1.5,2.441666666666667,1021.6666666666666,-0.041666666666666664
Hog,2016-12-25,0.9500000000000001,-0.9625,8.425,1019.3045454545455,7.958333333333333
Hog,2016-12-26,-4.0249999999999995,-9.045833333333333,9.525,1006.35,-0.6666666666666666
Hog,2016-12-27,-6.483333333333333,-10.916666666666666,4.075,1019.6958333333333,-0.4583333333333333
Hog,2016-12-28,-1.5499999999999998,-5.870833333333334,5.0,1008.1041666666666,-0.041666666666666664
Hog,2016-12-29,-1.6500000000000001,-7.1125,7.508333333333333,1014.3416666666667,-0.20833333333333334
Hog,2016-12-30,-4.2625,-8.195833333333333,3.6875,1011.4666666666667,-0.08333333333333333
Hog,2016-12-31,-3.6624999999999996,-8.783333333333333,5.5125,1006.5583333333334,-0.13043478260869565
Hog,2017-01-01,-2.704166666666667,-7.883333333333334,3.154166666666667,1016.1791666666667,0.0
Hog,2017-01-02,-0.9250000000000002,-4.516666666666667,4.2250000000000005,1017.5833333333334,-0.25
Hog,2017-01-03,-8.433333333333334,-11.875,7.016666666666667,1018.3333333333334,-0.125
Hog,2017-01-04,-18.108333333333334,-22.912499999999998,6.5375000000000005,1023.2375000000001,-0.041666666666666664
Hog,2017-01-05,-19.075,-23.537499999999998,4.5874999999999995,1021.8291666666668,-0.20833333333333334
Hog,2017-01-06,-19.275000000000002,-23.59166666666667,2.720833333333333,1026.8,0.0
Hog,2017-01-07,-16.133333333333333,-20.9125,3.8166666666666664,1037.0249999999999,0.0
Hog,2017-01-08,-14.487499999999999,-19.400000000000002,3.8666666666666667,1032.513043478261,-0.125
Hog,2017-01-09,-6.183333333333334,-9.454166666666667,3.5833333333333335,1017.3000000000001,0.6666666666666666
Hog,2017-01-10,-6.991666666666667,-10.291666666666666,5.616666666666667,1001.9833333333332,2.0833333333333335
Hog,2017-01-11,-14.15,-18.204166666666666,3.0541666666666667,1014.3708333333334,1.25
Hog,2017-01-12,-14.7875,-20.783333333333335,5.3,1026.4791666666667,0.0
Hog,2017-01-13,-17.733333333333334,-23.224999999999998,2.433333333333333,1043.25,0.0
Hog,2017-01-14,-10.529166666666667,-15.275,2.1625,1034.5625,0.0
Hog,2017-01-15,-8.454166666666667,-12.200000000000001,1.5458333333333334,1028.2166666666667,0.0
Hog,2017-01-16,-4.15,-7.7625,2.5083333333333333,1020.8958333333334,0.9583333333333334
Hog,2017-01-17,-0.18333333333333338,-2.566666666666667,3.391666666666667,1015.8041666666667,1.4583333333333333
Hog,2017-01-18,0.7625000000000001,-2.4791666666666665,3.329166666666667,1013.3958333333334,0.0
Hog,2017-01-19,1.2708333333333333,-1.0666666666666667,3.25,1009.2166666666667,0.0
Hog,2017-01-20,1.8916666666666666,0.8500000000000001,3.516666666666666,1002.9909090909091,0.75
Hog,2017-01-21,2.3291666666666666,1.2958333333333334,2.0208333333333335,998.1478260869566,-0.25
Hog,2017-01-22,2.6,1.0083333333333333,2.8874999999999997,1005.9583333333334,-0.20833333333333334
Hog,2017-01-23,1.0708333333333335,-1.3333333333333333,1.9625000000000001,1010.6416666666668,-0.4166666666666667
Hog,2017-01-24,0.19999999999999998,-3.2874999999999996,2.9333333333333336,1011.4791666666666,0.0
Hog,2017-01-25,-1.1708333333333334,-4.225,6.133333333333333,1007.7583333333333,0.8333333333333334
Hog,2017-01-26,-2.5541666666666667,-6.958333333333333,5.6875,1014.0375,0.0
Hog,2017-01-27,-4.270833333333333,-8.75,4.5125,1012.5583333333334,0.0
Hog,2017-01-28,-3.466666666666667,-7.7749999999999995,5.058333333333333,1011.2291666666666,0.0
Hog,2017-01-29,-3.9958333333333336,-11.454166666666666,4.0249999999999995,1014.1166666666667,0.0
Hog,2017-01-30,-1.6875,-5.816666666666666,4.245833333333334,1005.5047619047618,0.625
Hog,2017-01-31,1.6958333333333335,-2.2791666666666663,5.7875000000000005,1008.1904761904761,0.041666666666666664
Hog,2017-02-01,-7.729166666666667,-14.395833333333334,6.654166666666666,1023.0291666666667,-0.041666666666666664
Hog,2017-02-02,-10.9625,-18.0,5.870833333333334,1030.7541666666666,0.0
Hog,2017-02-03,-9.545833333333333,-17.2375,3.545833333333333,1031.6041666666667,0.0
Hog,2017-02-04,-3.1458333333333335,-10.145833333333334,4.341666666666667,1014.8249999999999,0.0
Hog,2017-02-05,-4.404166666666667,-12.041666666666666,4.2250000000000005,1017.6458333333334,0.0
Hog,2017-02-06,-3.254166666666667,-8.9625,3.7249999999999996,1009.0916666666667,0.0
Hog,2017-02-07,-4.491666666666666,-8.041666666666666,5.658333333333334,1004.5458333333332,-0.20833333333333334
Hog,2017-02-08,-13.266666666666666,-19.837500000000002,5.879166666666666,1021.6166666666667,0.0
Hog,2017-02-09,-11.070833333333333,-18.775000000000002,4.204166666666667,1025.1125,0.0
Hog,2017-02-10,0.5125000000000001,-6.966666666666666,4.566666666666666,1005.8791666666666,0.0
Hog,2017-02-11,4.354166666666667,-1.225,1.8833333333333335,1012.9291666666667,0.16666666666666666
Hog,2017-02-12,1.6666666666666667,-5.529166666666666,6.104166666666667,1023.6374999999999,-0.16666666666666666
Hog,2017-02-13,3.15,-3.4166666666666665,4.120833333333334,1018.5875,0.0
Hog,2017-02-14,1.7874999999999999,-5.858333333333333,6.570833333333333,1012.9541666666668,0.0
Hog,2017-02-15,-2.470833333333333,-11.354166666666666,3.4333333333333336,1016.5666666666666,0.0
Hog,2017-02-16,0.9083333333333332,-4.183333333333334,4.725,1006.4,0.0
Hog,2017-02-17,6.866666666666667,0.2541666666666667,3.608333333333333,999.4608695652173,0.0
Hog,2017-02-18,8.1,0.9958333333333335,2.2833333333333337,1007.5916666666667,0.0
Hog,2017-02-19,7.875,2.1166666666666667,4.0,1012.975,0.0
Hog,2017-02-20,10.191666666666666,7.175,5.079166666666667,1008.3041666666667,5.666666666666667
Hog,2017-02-21,8.170833333333333,3.275,3.1875,1009.5708333333333,0.0
Hog,2017-02-22,7.704166666666667,4.183333333333334,2.716666666666667,1003.0791666666668,0.0
Hog,2017-02-23,0.9291666666666667,-4.158333333333333,6.220833333333334,1012.9499999999999,0.0
Hog,2017-02-24,-3.5374999999999996,-9.979166666666666,8.35,1011.9416666666666,0.0
Hog,2017-02-25,-4.629166666666666,-12.841666666666667,6.545833333333333,1013.8791666666666,0.0
Hog,2017-02-26,-1.2,-9.145833333333334,4.379166666666666,1010.8583333333332,0.0
Hog,2017-02-27,1.2125000000000001,-6.433333333333334,4.104166666666667,1014.4541666666668,0.0
Hog,2017-02-28,3.8666666666666667,-1.0875000000000001,4.7,1006.7541666666666,-0.125
Hog,2017-03-01,-1.1333333333333333,-6.041666666666667,6.654166666666666,1013.2208333333333,0.20833333333333334
Hog,2017-03-02,-4.8875,-13.304166666666667,5.316666666666666,1028.875,0.0
Hog,2017-03-03,-5.6625000000000005,-12.200000000000001,3.975,1033.575,-0.041666666666666664
Hog,2017-03-04,0.8333333333333334,-4.954166666666667,7.800000000000001,1024.6583333333333,0.0
Hog,2017-03-05,8.145833333333334,2.966666666666667,6.170833333333333,1010.9125,0.0
Hog,2017-03-06,12.266666666666666,8.55,7.320833333333333,995.6999999999999,0.7916666666666666
Hog,2017-03-07,3.516666666666667,-7.7250000000000005,10.799999999999999,1001.2624999999999,-0.20833333333333334
Hog,2017-03-08,-1.3416666666666668,-11.970833333333333,10.145833333333334,1015.35,-0.25
Hog,2017-03-09,-3.3125,-14.533333333333333,4.929166666666666,1026.8,0.0
Hog,2017-03-10,-10.7125,-23.541666666666668,5.141666666666667,1037.2708333333333,0.0
Hog,2017-03-11,-9.866666666666667,-23.916666666666668,3.4458333333333333,1037.3999999999999,0.0
Hog,2017-03-12,-8.058333333333334,-15.008333333333333,4.0375,1031.3727272727274,2.2916666666666665
Hog,2017-03-13,-6.654166666666666,-13.299999999999999,5.083333333333333,1030.6541666666667,-0.16666666666666666
Hog,2017-03-14,-7.104166666666667,-16.283333333333335,2.6750000000000003,1033.4708333333333,0.0
Hog,2017-03-15,-5.316666666666666,-14.316666666666668,2.2125,1030.3083333333334,0.0
Hog,2017-03-16,-0.725,-7.920833333333333,5.445833333333333,1020.6125000000001,-0.2916666666666667
Hog,2017-03-17,2.6750000000000003,-2.1958333333333333,5.3875,1015.1913043478262,0.0
Hog,2017-03-18,1.3375000000000001,-5.129166666666666,4.833333333333333,1025.8374999999999,0.0
Hog,2017-03-19,5.016666666666667,-1.0583333333333333,4.520833333333333,1019.3708333333334,0.0
Hog,2017-03-20,7.545833333333333,-2.9583333333333335,3.5749999999999997,1019.9125,0.0
Hog,2017-03-21,0.39999999999999997,-12.245833333333332,5.858333333333333,1030.0291666666667,0.0
Hog,2017-03-22,-0.425,-13.0375,5.0,1032.7083333333333,0.0
Hog,2017-03-23,3.3833333333333333,-3.341666666666667,6.058333333333334,1017.3499999999999,1.3333333333333333
Hog,2017-03-24,4.695833333333334,1.5583333333333333,4.504166666666666,1016.9833333333332,0.3333333333333333
Hog,2017-03-25,4.1625,-0.10000000000000002,5.1875,1020.7416666666667,0.2916666666666667
Hog,2017-03-26,4.120833333333333,1.5583333333333333,2.9125,1014.5041666666666,0.5833333333333334
Hog,2017-03-27,7.954166666666667,1.0958333333333334,2.1958333333333333,1015.2041666666668,-0.08333333333333333
Hog,2017-03-28,10.299999999999999,0.3958333333333333,1.1375,1020.4958333333334,0.0
Hog,2017-03-29,7.820833333333333,1.325,3.9250000000000003,1022.7217391304347,-0.16666666666666666
Hog,2017-03-30,6.358333333333333,1.1375,5.416666666666667,1012.8708333333334,0.08333333333333333
Hog,2017-03-31,7.283333333333334,-2.25,3.533333333333333,1016.6541666666667,0.0
Hog,2017-04-01,10.987499999999999,-1.8083333333333333,1.45,1021.7791666666667,0.0
Hog,2017-04-02,9.833333333333334,3.408333333333333,3.7249999999999996,1014.1541666666667,-0.06666666666666667
Hog,2017-04-03,9.433333333333334,6.941666666666666,3.545833333333333,1004.4681818181817,1.1304347826086956
Hog,2017-04-04,11.579166666666666,-0.9041666666666668,4.191666666666666,1010.2416666666667,-0.041666666666666664
Hog,2017-04-05,8.3125,-4.516666666666667,3.704166666666666,1015.4875000000001,0.0
Hog,2017-04-06,7.5,-6.883333333333333,4.966666666666667,1021.4083333333333,0.0
Hog,2017-04-07,8.604166666666666,-5.3,3.0833333333333335,1018.8249999999999,0.0
Hog,2017-04-08,15.183333333333332,3.3000000000000003,5.425,1003.7791666666667,0.0
Hog,2017-04-09,16.529166666666665,7.5249999999999995,4.804166666666666,1000.9541666666668,0.125
Hog,2017-04-10,6.3125,1.804166666666667,6.579166666666667,1013.0208333333334,1.875
Hog,2017-04-11,5.283333333333333,-1.5374999999999999,3.029166666666667,1023.6708333333332,-0.08333333333333333
Hog,2017-04-12,9.045833333333333,3.6958333333333333,3.5999999999999996,1024.8833333333334,1.6666666666666667
Hog,2017-04-13,9.9125,6.233333333333333,4.433333333333333,1025.5583333333334,0.0
Hog,2017-04-14,13.070833333333333,8.7125,5.9125000000000005,1016.9666666666667,0.9583333333333334
Hog,2017-04-15,16.341666666666665,12.700000000000001,3.7916666666666665,1008.25,8.833333333333334
Hog,2017-04-16,13.708333333333334,1.3541666666666667,6.1125,1016.0500000000001,0.0
Hog,2017-04-17,11.3375,-2.1,2.995833333333333,1021.6291666666666,0.0
Hog,2017-04-18,12.066666666666668,6.2,6.825,1012.4347826086956,1.1666666666666667
Hog,2017-04-19,8.295833333333333,4.1875,5.0625,1017.1217391304348,5.75
Hog,2017-04-20,6.995833333333334,3.216666666666667,5.279166666666667,1014.0416666666666,1.9166666666666667
Hog,2017-04-21,10.7875,1.4875,2.3583333333333334,1022.1291666666666,0.0
Hog,2017-04-22,13.9625,1.6875,2.2916666666666665,1022.3833333333333,0.0
Hog,2017-04-23,14.591666666666667,3.341666666666667,2.85,1015.9625,0.0
Hog,2017-04-24,16.370833333333334,0.7958333333333333,5.270833333333333,1005.6541666666667,0.20833333333333334
Hog,2017-04-25,13.145833333333334,7.1000000000000005,3.404166666666667,1000.0521739130435,4.666666666666667
Hog,2017-04-26,4.041666666666667,1.2166666666666666,5.591666666666666,1000.5304347826087,3.9583333333333335
Hog,2017-04-27,1.325,-3.045833333333333,5.183333333333334,1003.7304347826087,-0.041666666666666664
Hog,2017-04-28,5.925,-2.620833333333333,3.279166666666667,1014.4208333333332,0.0
Hog,2017-04-29,8.6625,-4.441666666666666,6.108333333333333,1024.0791666666667,0.0
Hog,2017-04-30,6.875,-1.0625,6.545833333333333,1013.8166666666666,4.458333333333333
Hog,2017-05-01,3.716666666666667,1.5208333333333333,6.341666666666666,998.8304347826087,2.125
Hog,2017-05-02,10.0,-0.21250000000000002,5.125,1011.4181818181819,0.20833333333333334
Hog,2017-05-03,13.491666666666667,1.6041666666666667,3.170833333333333,1017.8041666666667,0.0
Hog,2017-05-04,14.816666666666668,3.283333333333333,3.283333333333333,1017.3666666666667,0.0
Hog,2017-05-05,17.212500000000002,3.6,3.170833333333334,1012.0347826086957,0.0
Hog,2017-05-06,14.591666666666667,2.845833333333333,3.3791666666666664,1013.8916666666668,0.0
Hog,2017-05-07,13.845833333333333,0.3416666666666666,3.7916666666666665,1017.0583333333334,0.0
Hog,2017-05-08,14.620833333333332,-0.46666666666666656,7.0874999999999995,1014.5833333333334,2.5416666666666665
Hog,2017-05-09,15.883333333333333,8.383333333333335,3.025,1012.8791666666666,0.2916666666666667
Hog,2017-05-10,16.412499999999998,6.3999999999999995,2.1083333333333334,1013.2875,-0.08333333333333333
Hog,2017-05-11,14.458333333333334,1.4833333333333334,4.620833333333333,1017.4458333333333,0.0
Hog,2017-05-12,17.591666666666665,3.1833333333333336,1.8041666666666665,1015.2791666666667,0.0
Hog,2017-05-13,20.7625,6.579166666666667,2.533333333333333,1009.5916666666667,0.0
Hog,2017-05-14,22.02916666666667,9.720833333333333,5.166666666666667,1007.6833333333334,0.0
Hog,2017-05-15,18.333333333333332,11.308333333333335,4.5375,1009.025,2.5416666666666665
Hog,2017-05-16,21.741666666666664,16.308333333333334,4.958333333333333,1000.525,3.4166666666666665
Hog,2017-05-17,17.741666666666667,14.966666666666667,3.8333333333333335,997.5909090909091,17.166666666666668
Hog,2017-05-18,10.75,6.1875,6.108333333333333,1011.6086956521739,4.291666666666667
Hog,2017-05-19,9.908333333333333,0.012499999999999992,5.429166666666667,1023.3874999999999,0.0
Hog,2017-05-20,8.35,3.8874999999999997,6.1000000000000005,1015.5416666666666,13.625
Hog,2017-05-21,9.558333333333334,6.841666666666668,4.5625,1009.7260869565217,0.08333333333333333
Hog,2017-05-22,13.375,5.166666666666667,4.404166666666667,1011.0458333333332,-0.041666666666666664
Hog,2017-05-23,13.129166666666668,7.066666666666666,3.404166666666667,1009.5458333333332,0.20833333333333334
Hog,2017-05-24,12.795833333333334,6.3875,3.7874999999999996,1007.4916666666667,0.0
Hog,2017-05-25,16.304166666666667,9.387500000000001,3.454166666666667,1005.0166666666668,-0.041666666666666664
Hog,2017-05-26,20.116666666666667,10.954166666666666,3.9625,1006.5291666666667,0.0
Hog,2017-05-27,18.6375,8.029166666666667,2.5749999999999997,1011.2083333333334,-0.041666666666666664
Hog,2017-05-28,17.608333333333334,8.025,5.541666666666667,1006.9250000000001,0.20833333333333334
Hog,2017-05-29,14.879166666666668,7.925000000000001,6.145833333333333,1009.1333333333333,-0.25
Hog,2017-05-30,13.1875,6.570833333333333,5.445833333333333,1013.2791666666667,-0.041666666666666664
Hog,2017-05-31,17.462500000000002,3.6833333333333336,5.0375000000000005,1015.4625,0.0
Hog,2017-06-01,19.104166666666668,3.4791666666666665,1.925,1017.2708333333334,0.0
Hog,2017-06-02,24.195833333333336,10.133333333333333,3.3125,1013.6374999999999,-0.041666666666666664
Hog,2017-06-03,27.28333333333333,14.487499999999999,4.220833333333333,1010.1208333333334,0.0
Hog,2017-06-04,25.46666666666667,7.583333333333333,4.479166666666667,1009.9208333333332,0.0
Hog,2017-06-05,21.95,10.208333333333334,3.8791666666666664,1013.9458333333333,0.0
Hog,2017-06-06,21.7625,4.975,3.3041666666666667,1018.4583333333334,0.0
Hog,2017-06-07,24.583333333333332,7.641666666666667,3.6,1016.5869565217391,0.20833333333333334
Hog,2017-06-08,24.75,11.870833333333332,3.8125,1011.0541666666667,-0.041666666666666664
Hog,2017-06-09,24.325,13.533333333333333,4.058333333333334,1007.0333333333333,0.0
Hog,2017-06-10,29.46666666666667,15.720833333333333,6.704166666666667,998.875,0.0
Hog,2017-06-11,22.045833333333334,15.904166666666667,3.0500000000000003,1005.7,15.25
Hog,2017-06-12,22.09583333333333,17.904166666666665,2.795833333333333,1011.1041666666666,2.125
Hog,2017-06-13,25.883333333333336,19.462500000000002,6.154166666666666,1008.125,0.0
Hog,2017-06-14,23.8,15.916666666666666,4.720833333333333,1006.4125,2.25
Hog,2017-06-15,25.025000000000002,11.829166666666666,4.795833333333333,1007.5333333333333,0.0
Hog,2017-06-16,24.116666666666664,11.970833333333333,3.1374999999999997,1004.7624999999999,-0.041666666666666664
Hog,2017-06-17,22.354166666666668,13.479166666666666,3.1,1002.0333333333333,1.9583333333333333
Hog,2017-06-18,19.129166666666666,12.299999999999999,5.2250000000000005,1005.275,0.25
Hog,2017-06-19,19.541666666666668,10.245833333333334,5.558333333333334,1011.0458333333332,0.0
Hog,2017-06-20,19.979166666666668,10.158333333333333,3.5208333333333335,1012.9333333333334,2.625
Hog,2017-06-21,21.925,12.6625,4.116666666666666,1010.2458333333334,0.0
Hog,2017-06-22,20.654166666666665,17.066666666666666,2.716666666666667,1005.8541666666666,5.125
Hog,2017-06-23,18.6875,10.904166666666667,5.7124999999999995,1008.9791666666666,0.0
Hog,2017-06-24,15.720833333333333,6.7124999999999995,6.0625,1016.1666666666666,-0.08333333333333333
Hog,2017-06-25,15.85,7.1875,5.75,1019.9375,-0.041666666666666664
Hog,2017-06-26,16.8625,6.329166666666667,3.1833333333333336,1020.6041666666666,0.0
Hog,2017-06-27,19.7,6.366666666666667,4.108333333333333,1015.2833333333333,0.0
Hog,2017-06-28,21.708333333333332,15.791666666666666,6.241666666666667,1002.0,9.458333333333334
Hog,2017-06-29,21.291666666666668,15.133333333333333,4.2875000000000005,1006.8041666666667,0.0
Hog,2017-06-30,21.279166666666665,14.891666666666667,2.9375,1010.0375,1.0416666666666667
Hog,2017-07-01,20.875,12.491666666666667,4.3500000000000005,1012.9,0.25
Hog,2017-07-02,22.587500000000002,12.204166666666666,3.1125000000000003,1015.5083333333333,0.0
Hog,2017-07-03,22.891666666666666,12.1625,2.7874999999999996,1017.5375,0.0
Hog,2017-07-04,25.108333333333334,17.570833333333333,4.154166666666667,1016.6875,0.0
Hog,2017-07-05,27.59166666666667,18.537499999999998,3.5749999999999997,1015.5375,-0.041666666666666664
Hog,2017-07-06,28.46666666666667,17.566666666666666,3.904166666666667,1012.65,0.0
Hog,2017-07-07,23.916666666666668,12.75,5.420833333333333,1015.7166666666667,0.0
Hog,2017-07-08,23.354166666666668,12.1875,2.7291666666666665,1016.8083333333334,0.0
Hog,2017-07-09,23.708333333333332,15.241666666666667,3.0541666666666667,1011.7708333333334,3.0833333333333335
Hog,2017-07-10,24.579166666666666,17.349999999999998,3.279166666666667,1009.0500000000001,0.8333333333333334
Hog,2017-07-11,25.354166666666668,17.070833333333333,2.545833333333333,1009.1125000000001,0.0
Hog,2017-07-12,25.816666666666666,18.033333333333335,4.908333333333333,1009.4,0.2916666666666667
Hog,2017-07-13,18.5625,12.758333333333333,4.2375,1018.8041666666667,-0.041666666666666664
Hog,2017-07-14,20.162499999999998,12.433333333333332,2.2916666666666665,1021.7041666666668,0.0
Hog,2017-07-15,25.9875,17.337500000000002,4.245833333333334,1016.5749999999999,0.0
Hog,2017-07-16,24.90416666666667,16.154166666666665,3.625,1016.7458333333334,0.0
Hog,2017-07-17,26.054166666666664,18.991666666666667,5.270833333333333,1013.4227272727272,4.958333333333333
Hog,2017-07-18,24.145833333333332,19.5125,3.0833333333333335,1014.5583333333334,1.0
Hog,2017-07-19,21.754166666666666,16.358333333333334,3.1291666666666664,1016.6086956521739,9.25
Hog,2017-07-20,25.570833333333336,18.883333333333333,1.6083333333333334,1014.7666666666668,-0.041666666666666664
Hog,2017-07-21,24.28333333333333,19.474999999999998,4.191666666666666,1011.5304347826087,-0.041666666666666664
Hog,2017-07-22,26.412499999999998,18.079166666666666,3.408333333333333,1009.0,0.0
Hog,2017-07-23,22.358333333333334,14.066666666666668,4.566666666666666,1012.6166666666667,0.0
Hog,2017-07-24,20.845833333333335,14.441666666666668,3.1666666666666665,1017.1875,0.0
Hog,2017-07-25,23.866666666666664,18.733333333333334,5.708333333333333,1014.9625,2.125
Hog,2017-07-26,24.9375,19.25,2.7458333333333336,1015.0,4.5
Hog,2017-07-27,24.724999999999998,15.137500000000001,2.5541666666666667,1017.0333333333333,0.0
Hog,2017-07-28,24.008333333333336,14.870833333333332,2.3875,1018.0041666666666,0.0
Hog,2017-07-29,24.412499999999998,13.075000000000001,1.2333333333333334,1020.2166666666667,0.0
Hog,2017-07-30,25.02916666666667,14.35,1.7583333333333335,1021.7958333333332,0.0
Hog,2017-07-31,25.458333333333332,16.7375,1.7625,1019.9916666666667,0.0
Hog,2017-08-01,25.295833333333334,15.929166666666667,3.204166666666666,1016.5333333333333,0.0
Hog,2017-08-02,23.775000000000002,14.091666666666667,4.316666666666666,1017.5749999999999,0.0
Hog,2017-08-03,15.275,10.916666666666666,6.558333333333334,1014.9173913043478,2.5
Hog,2017-08-04,19.058333333333334,10.008333333333333,4.716666666666667,1016.0791666666668,0.08333333333333333
Hog,2017-08-05,19.3,12.387500000000001,1.9000000000000001,1015.4791666666666,3.0833333333333335
Hog,2017-08-06,19.429166666666667,14.579166666666666,1.6916666666666667,1016.7608695652174,0.875
Hog,2017-08-07,20.970833333333335,12.612499999999999,1.1166666666666667,1020.0458333333332,0.0
Hog,2017-08-08,23.02916666666667,12.8125,2.716666666666667,1020.3666666666667,0.0
Hog,2017-08-09,19.620833333333334,14.970833333333333,3.0708333333333333,1017.0,3.9166666666666665
Hog,2017-08-10,18.9875,15.083333333333334,3.75,1015.15,2.9166666666666665
Hog,2017-08-11,20.345833333333335,12.775,2.6374999999999997,1019.204347826087,0.0
Hog,2017-08-12,21.1125,10.891666666666666,1.8,1018.975,0.0
Hog,2017-08-13,18.9375,13.620833333333332,3.283333333333333,1014.9833333333332,9.625
Hog,2017-08-14,19.395833333333332,15.583333333333334,2.5625,1010.3041666666667,0.9583333333333334
Hog,2017-08-15,19.866666666666667,14.558333333333332,3.2583333333333333,1013.9416666666666,0.0
Hog,2017-08-16,21.358333333333334,18.287499999999998,5.229166666666667,1009.7700000000001,8.666666666666666
Hog,2017-08-17,20.366666666666667,16.720833333333335,6.175,1003.8478260869565,0.75
Hog,2017-08-18,19.116666666666667,15.375,1.9333333333333333,1011.9041666666667,1.5416666666666667
Hog,2017-08-19,20.941666666666666,15.4625,2.191666666666667,1012.9869565217392,0.0
Hog,2017-08-20,23.958333333333332,17.954166666666666,3.0875,1012.9833333333332,0.0
Hog,2017-08-21,21.537499999999998,16.733333333333334,3.2916666666666665,1013.9083333333333,2.0416666666666665
Hog,2017-08-22,19.695833333333333,10.9375,5.895833333333333,1015.6166666666667,0.0
Hog,2017-08-23,19.4875,10.229166666666666,3.141666666666667,1018.0458333333332,0.0
Hog,2017-08-24,18.654166666666665,11.966666666666667,4.325,1019.7333333333332,0.125
Hog,2017-08-25,18.075,13.970833333333333,6.279166666666666,1020.5833333333334,3.4583333333333335
Hog,2017-08-26,17.816666666666666,17.087500000000002,4.329166666666667,1017.7391304347826,15.0
Hog,2017-08-27,19.279166666666665,17.016666666666666,3.8166666666666664,1016.4125,2.5
Hog,2017-08-28,19.216666666666665,15.25,3.025,1018.3625000000001,0.0
Hog,2017-08-29,20.7,15.683333333333332,1.0541666666666667,1018.6416666666668,0.0
Hog,2017-08-30,21.941666666666666,15.820833333333333,3.475,1018.4416666666666,0.125
Hog,2017-08-31,17.3,11.166666666666666,4.470833333333333,1022.8416666666667,0.0
Hog,2017-09-01,17.083333333333332,12.208333333333334,4.541666666666667,1019.9291666666667,-0.041666666666666664
Hog,2017-09-02,21.354166666666668,13.5,4.433333333333333,1013.7833333333333,-0.041666666666666664
Hog,2017-09-03,22.84166666666667,15.820833333333333,3.545833333333333,1011.0958333333333,0.0
Hog,2017-09-04,18.583333333333332,12.595833333333333,5.2250000000000005,1010.5695652173912,3.6666666666666665
Hog,2017-09-05,14.0375,7.616666666666667,5.825,1016.3458333333333,-0.1
Hog,2017-09-06,14.929166666666667,7.875,3.0083333333333333,1019.1583333333333,0.0
Hog,2017-09-07,16.55,9.5375,2.658333333333333,1015.8125,0.0
Hog,2017-09-08,15.4375,7.908333333333334,5.5249999999999995,1022.8583333333332,0.0
Hog,2017-09-09,17.962500000000002,12.299999999999999,5.6125,1025.4875,0.0
Hog,2017-09-10,20.583333333333332,15.174999999999999,5.0625,1023.5791666666668,-0.041666666666666664
Hog,2017-09-11,21.554166666666664,15.237499999999999,3.029166666666667,1019.9083333333333,0.0
Hog,2017-09-12,23.008333333333336,18.4875,2.1041666666666665,1013.7833333333333,0.0
Hog,2017-09-13,24.383333333333336,17.92083333333333,3.525,1005.9291666666667,0.0
Hog,2017-09-14,25.208333333333332,17.337500000000002,3.329166666666667,1005.4875000000001,0.0
Hog,2017-09-15,25.204166666666666,17.020833333333332,4.179166666666666,1007.7958333333332,-0.08333333333333333
Hog,2017-09-16,21.920833333333334,17.150000000000002,5.2,1011.8833333333333,0.375
Hog,2017-09-17,14.9625,8.4,3.4291666666666667,1019.9875000000001,0.0
Hog,2017-09-18,13.820833333333333,11.991666666666667,4.0625,1017.1458333333334,3.7083333333333335
Hog,2017-09-19,20.537499999999998,16.258333333333333,5.316666666666666,1009.6958333333333,0.0
Hog,2017-09-20,21.279166666666665,14.9,3.970833333333333,1007.4166666666666,0.4583333333333333
Hog,2017-09-21,21.05,15.916666666666666,4.179166666666666,1012.3916666666668,0.0
Hog,2017-09-22,28.224999999999998,21.375,5.395833333333333,1009.3541666666666,0.0
Hog,2017-09-23,27.545833333333334,20.879166666666666,3.8833333333333333,1012.5375,0.0
Hog,2017-09-24,26.391666666666666,18.166666666666668,4.5625,1012.2708333333334,-0.08333333333333333
Hog,2017-09-25,16.537499999999998,15.4,3.7458333333333336,1014.8263157894737,1.7916666666666667
Hog,2017-09-26,15.275,12.620833333333332,4.3374999999999995,1015.5749999999999,1.2083333333333333
Hog,2017-09-27,13.775,8.1625,3.091666666666667,1022.2791666666667,0.0
Hog,2017-09-28,16.5125,9.2125,3.529166666666667,1020.6083333333332,-0.041666666666666664
Hog,2017-09-29,13.745833333333332,7.479166666666667,2.966666666666667,1026.6333333333334,0.0
Hog,2017-09-30,14.654166666666667,7.608333333333333,4.425,1025.3625,0.0
Hog,2017-10-01,15.316666666666668,9.929166666666667,6.0249999999999995,1014.9958333333334,2.7916666666666665
Hog,2017-10-02,16.858333333333334,14.9375,3.858333333333333,1011.8842105263158,6.25
Hog,2017-10-03,17.154166666666665,15.041666666666666,3.8249999999999997,1017.1791666666667,1.5416666666666667
Hog,2017-10-04,11.616666666666667,6.354166666666667,3.1750000000000003,1026.7583333333334,0.0
Hog,2017-10-05,13.5625,9.029166666666667,1.5916666666666668,1020.5666666666666,-0.125
Hog,2017-10-06,12.75,11.637500000000001,2.6083333333333334,1012.7708333333334,4.583333333333333
Hog,2017-10-07,14.620833333333332,12.358333333333334,3.533333333333333,997.8958333333334,1.75
Hog,2017-10-08,15.395833333333334,8.9,3.141666666666667,1004.1041666666666,0.0
Hog,2017-10-09,9.791666666666666,2.3125,4.2749999999999995,1019.6041666666666,0.0
Hog,2017-10-10,6.7625,0.3458333333333334,2.225,1026.5318181818182,0.0
Hog,2017-10-11,8.775,5.362500000000001,3.0749999999999997,1022.991304347826,0.0
Hog,2017-10-12,14.329166666666666,11.299999999999999,4.841666666666667,1017.1875,-0.125
Hog,2017-10-13,11.808333333333332,4.720833333333333,2.9791666666666665,1019.65,0.0
Hog,2017-10-14,9.950000000000001,5.175,5.0249999999999995,1015.4875000000001,5.375
Hog,2017-10-15,8.341666666666667,4.0249999999999995,4.629166666666666,1020.5333333333333,0.5416666666666666
Hog,2017-10-16,11.504166666666668,3.1166666666666667,3.2125,1020.5124999999999,0.0
Hog,2017-10-17,15.408333333333333,6.041666666666667,2.3333333333333335,1014.7666666666668,0.0
Hog,2017-10-18,15.133333333333333,4.0249999999999995,4.6875,1011.6999999999999,0.0
Hog,2017-10-19,14.420833333333334,1.7874999999999999,3.3041666666666667,1016.2083333333334,0.0
Hog,2017-10-20,18.383333333333333,9.816666666666666,5.612500000000001,1009.7583333333333,-0.08333333333333333
Hog,2017-10-21,16.966666666666665,13.620833333333332,6.716666666666668,1005.7583333333333,4.666666666666667
Hog,2017-10-22,12.704166666666666,3.529166666666667,4.2,1013.7541666666666,0.0
Hog,2017-10-23,11.475,2.504166666666667,6.7749999999999995,1009.5916666666667,0.0
Hog,2017-10-24,6.925,-1.4625000000000001,8.916666666666666,1011.8708333333334,0.0
Hog,2017-10-25,8.541666666666666,1.5374999999999999,2.966666666666667,1006.7791666666667,0.0
Hog,2017-10-26,7.241666666666667,2.6125000000000003,6.3,1003.1125000000001,-0.2916666666666667
Hog,2017-10-27,1.0545454545454545,0.5272727272727272,8.145454545454545,1009.1904761904761,2.3043478260869565
Hog,2017-10-28,0.025000000000000005,-3.1291666666666664,4.0874999999999995,1015.475,0.0
Hog,2017-10-29,2.9874999999999994,-1.025,3.7541666666666664,1006.7083333333334,0.16666666666666666
Hog,2017-10-30,2.029166666666667,-2.6,7.879166666666667,1008.9333333333334,-0.08333333333333333
Hog,2017-10-31,-0.8208333333333333,-7.229166666666667,4.25,1018.0,0.0
Hog,2017-11-01,0.3458333333333334,-2.5916666666666663,4.7875,1008.3458333333333,0.4166666666666667
Hog,2017-11-02,2.8958333333333335,0.41250000000000003,3.7125,1015.9625,0.0
Hog,2017-11-03,-0.15833333333333333,-3.0375,3.091666666666667,1028.6695652173914,0.25
Hog,2017-11-04,3.6374999999999997,3.0625,3.8833333333333333,1015.5833333333334,-0.041666666666666664
Hog,2017-11-05,1.2666666666666666,-1.6666666666666667,5.358333333333333,1014.9565217391304,0.5833333333333334
Hog,2017-11-06,-2.433333333333333,-6.491666666666666,2.0416666666666665,1027.1333333333334,0.0
Hog,2017-11-07,-0.775,-6.3125,3.2416666666666667,1030.8125,0.0
Hog,2017-11-08,0.8291666666666666,-3.4916666666666667,3.6208333333333336,1023.5625,-0.041666666666666664
Hog,2017-11-09,-6.408333333333334,-13.775,6.729166666666667,1029.5541666666666,-0.16666666666666666
Hog,2017-11-10,-7.733333333333333,-15.674999999999999,6.0874999999999995,1033.675,0.041666666666666664
Hog,2017-11-11,1.2458333333333333,-3.9166666666666665,3.3000000000000003,1022.3916666666668,0.20833333333333334
Hog,2017-11-12,-0.8791666666666665,-3.6458333333333335,2.3541666666666665,1028.9791666666667,0.0
Hog,2017-11-13,1.9916666666666665,-1.1791666666666667,3.6666666666666665,1027.0375000000001,-0.125
Hog,2017-11-14,5.558333333333334,5.1625,3.641666666666666,1015.7521739130434,0.2916666666666667
Hog,2017-11-15,2.183333333333333,-0.3791666666666666,6.795833333333333,1014.6772727272728,0.08333333333333333
Hog,2017-11-16,-0.8375,-4.0375000000000005,4.895833333333333,1021.8666666666667,0.0
Hog,2017-11-17,2.658333333333333,1.2583333333333333,4.416666666666667,1006.9791666666666,0.6666666666666666
Hog,2017-11-18,-0.2749999999999999,-4.258333333333334,6.495833333333334,1011.6260869565218,0.0
Hog,2017-11-19,-1.7458333333333333,-7.916666666666667,3.029166666666667,1016.1958333333333,0.0
Hog,2017-11-20,3.9583333333333335,-2.0,3.5875,1002.3583333333332,0.0
Hog,2017-11-21,-2.6791666666666667,-10.1,8.395833333333334,1017.1782608695652,-0.041666666666666664
Hog,2017-11-22,-4.908333333333333,-10.383333333333333,3.0875,1024.1958333333334,0.0
Hog,2017-11-23,1.6291666666666664,-4.954166666666667,2.0791666666666666,1011.7958333333332,0.0
Hog,2017-11-24,9.7875,3.8375,4.741666666666666,998.7875,-0.08333333333333333
Hog,2017-11-25,2.0166666666666666,-3.9625,4.079166666666667,1017.6541666666667,0.0
Hog,2017-11-26,3.5875,-2.2875,2.058333333333333,1018.5666666666666,0.0
Hog,2017-11-27,8.433333333333334,1.7333333333333332,5.079166666666667,1006.6999999999999,0.0
Hog,2017-11-28,7.7375,-3.870833333333333,6.020833333333333,1013.9250000000001,0.0
Hog,2017-11-29,2.595833333333333,-7.333333333333333,4.504166666666666,1021.5708333333333,0.0
Hog,2017-11-30,5.220833333333333,-1.8541666666666667,5.258333333333334,1017.9666666666667,0.0
Hog,2017-12-01,4.2250000000000005,-3.704166666666667,2.370833333333333,1017.3916666666668,0.0
Hog,2017-12-02,2.9166666666666665,-3.6291666666666664,1.6333333333333335,1018.6750000000001,0.0
Hog,2017-12-03,4.595833333333334,-1.0791666666666668,3.595833333333333,1014.0124999999999,0.0
Hog,2017-12-04,9.358333333333333,7.154166666666666,4.5249999999999995,996.0695652173912,3.2083333333333335
Hog,2017-12-05,-6.629166666666666,-10.625,9.279166666666667,1009.6333333333333,0.25
Hog,2017-12-06,-8.033333333333333,-11.920833333333334,6.916666666666667,1018.8333333333334,-0.20833333333333334
Hog,2017-12-07,-9.4375,-14.049999999999999,5.05,1023.3583333333332,0.0
Hog,2017-12-08,-3.525,-6.270833333333333,3.6,1011.7333333333332,-0.16666666666666666
Hog,2017-12-09,-5.45,-10.229166666666666,5.4125000000000005,1017.0,-0.16666666666666666
Hog,2017-12-10,-3.5666666666666664,-6.270833333333333,2.716666666666667,1015.5333333333333,0.0
Hog,2017-12-11,-2.1625,-4.583333333333333,5.395833333333333,1014.2869565217391,1.375
Hog,2017-12-12,-9.2125,-12.25,3.6041666666666665,1019.5291666666667,-0.16666666666666666
Hog,2017-12-13,-3.875,-6.170833333333333,5.366666666666667,1003.8833333333333,-0.041666666666666664
Hog,2017-12-14,-6.4875,-8.991666666666667,3.3208333333333333,1017.9499999999999,-0.2916666666666667
Hog,2017-12-15,-3.704166666666667,-6.004166666666666,2.4250000000000003,1012.0095238095239,0.3333333333333333
Hog,2017-12-16,-2.566666666666667,-4.404166666666667,2.8333333333333335,1012.6916666666666,0.0
Hog,2017-12-17,-4.079166666666667,-5.383333333333333,1.2208333333333334,1018.6217391304348,0.0
Hog,2017-12-18,0.5666666666666667,-2.3125,2.9916666666666667,1008.7583333333333,0.0
Hog,2017-12-19,0.2625,-4.820833333333334,5.6499999999999995,1015.5875,0.0
Hog,2017-12-20,-6.891666666666667,-11.35,3.9166666666666665,1022.1043478260871,0.08333333333333333
Hog,2017-12-21,-5.845833333333334,-9.1875,4.2124999999999995,1020.4708333333333,0.0
Hog,2017-12-22,-5.804166666666667,-9.958333333333334,3.2708333333333335,1020.7666666666668,0.0
Hog,2017-12-23,-8.2875,-13.420833333333334,4.441666666666666,1023.7166666666667,0.0
Hog,2017-12-24,-8.591666666666667,-13.008333333333333,4.720833333333333,1021.3583333333332,-0.08333333333333333
Hog,2017-12-25,-18.2625,-23.0125,5.75,1028.4478260869564,-0.20833333333333334
Hog,2017-12-26,-20.0,-24.587500000000002,4.25,1037.5166666666667,0.0
Hog,2017-12-27,-18.629166666666666,-23.354166666666668,2.129166666666667,1041.5416666666667,0.0
Hog,2017-12-28,-14.145833333333334,-16.920833333333334,3.658333333333333,1032.2,0.5833333333333334
Hog,2017-12-29,-17.5,-20.516666666666666,4.175,1030.1916666666666,0.4166666666666667
Hog,2017-12-30,-23.020833333333332,-27.041666666666668,5.3374999999999995,1036.3208333333334,0.0
Hog,2017-12-31,-23.2625,-27.7,4.308333333333333,1043.0208333333333,0.0
